zone,time_elapsed,power_j,watts,watts_since_last,start_power,prev_power,prev_power_reading,temp
package-0,0.00058723,-1.598381284919312,-1.5925169992753812,-1.5960744541789265,32234.818601,0.0,32234.818601,27.799999237060547
dram,0.000732619,-0.4406382593210924,-0.4406287351287299,-0.4399908155050663,4913.419184,0.0,4913.419184,27.799999237060547
core,0.000851056,-0.06995787089630683,19.12203436465881,-0.07887142162786845,16387.809365,0.0,16387.818337,27.799999237060547
uncore,0.000937815,-5.094602114647255e-6,-0.00007965059007096206,-0.000012487249888108326,1513.448762,0.0,1513.448762,27.799999237060547
package-0,1.001313175,6.787339715083065,6.7844395010880545,8.38225112860475,32234.818601,-1.598381284919312,32243.204322,27.799999237060547
dram,1.001535793,0.14041474067879106,0.1398169660105424,0.5811093034295556,4913.419184,-0.4406382593210924,4914.000237,27.799999237060547
core,1.001731149,6.706880129101645,6.702655591278072,6.772929770261007,16387.809365,-0.06995787089630683,16394.595175,27.799999237060547
uncore,1.001922105,0.06780490539789394,0.06765947646764482,0.06776337021395289,1513.448762,-5.094602114647255e-6,1513.516572,27.799999237060547
package-0,2.002373055,10.544165715080155,4.472462695410765,3.7536269448061477,32234.818601,6.787339715083065,32246.961148,27.799999237060547
dram,2.002705758,0.6576867406788391,0.10796447378913876,0.516934580982636,4913.419184,0.14041474067879106,4914.517509,27.799999237060547
core,2.002934085,8.829616129102813,4.373593376259862,2.12053083546325,16387.809365,6.706880129101645,16396.717911,27.799999237060547
uncore,2.003140704,0.17943790539787738,0.08954883932671219,0.1115108281136544,1513.448762,0.06780490539789394,1513.628205,27.799999237060547
package-0,3.003923688,13.984281715081735,3.595678757029928,3.4353358227022355,32234.818601,10.544165715080155,32250.401264,27.799999237060547
dram,3.004320812,1.1751407406786551,0.09733950245205858,0.5167538182916738,4913.419184,0.6576867406788391,4915.034963,27.799999237060547
core,3.00470605,10.634544129104196,3.4909534057034866,1.8023366679712216,16387.809365,8.829616129102813,16398.522839,27.799999237060547
uncore,3.005087822,0.2957699053979341,0.09839765074291382,0.116160970879315,1513.448762,0.17943790539787738,1513.744537,27.799999237060547
package-0,4.005858525,17.388752715083385,3.14781646526468,3.396998029488162,32234.818601,13.984281715081735,32253.805735,27.799999237060547
dram,4.006273316,1.6939387406787159,0.09229038714297177,0.5175698945498808,4913.419184,1.1751407406786551,4915.553761,27.799999237060547
core,4.006619012,12.401629129103693,3.0398379471801715,1.7635347761505384,16387.809365,10.634544129104196,16400.289924,27.799999237060547
uncore,4.007007484,0.4152159053978594,0.10358454651726427,0.1192050989656887,1513.448762,0.2957699053979341,1513.863983,27.799999237060547
package-0,5.00746721,20.840281715081503,2.8888004155927014,3.4451899866035953,32234.818601,17.388752715083385,32257.257264,27.799999237060547
dram,5.007714931,2.2113327406782286,0.08900726974471784,0.5164012171336829,4913.419184,1.6939387406787159,4916.071155,27.799999237060547
core,5.007945576,14.22083812910483,2.7798032273426907,1.8160176860262427,16387.809365,12.401629129103693,16402.109133,27.799999237060547
uncore,5.008172953,0.5255669053978964,0.10488448904547738,0.11015466902674174,1513.448762,0.4152159053978594,1513.974334,27.799999237060547
package-0,6.008551506,24.275453715082833,2.7138259966579126,3.431695472467184,32234.818601,20.840281715081503,32260.692436,27.799999237060547
dram,6.008749372,2.7312287406789277,0.08728478211681578,0.5194398270589049,4913.419184,2.2113327406782286,4916.591051,27.799999237060547
core,6.00892346,16.025277129104378,2.604261066242753,1.8023335311908726,16387.809365,14.22083812910483,16403.913572,27.799999237060547
uncore,6.00909424,0.6372609053978395,0.1059844862356451,0.1115582694074895,1513.448762,0.5255669053978964,1514.086028,27.799999237060547
package-0,7.009861863,27.817681715081264,2.6041171599646207,3.5387127932965656,32234.818601,24.275453715082833,32264.234664,27.799999237060547
dram,7.010238978,3.248316740678531,0.08565496792484717,0.5166507634145041,4913.419184,2.7312287406789277,4917.108139,27.799999237060547
core,7.010628677,17.933231129102804,2.493637676279124,1.905762188324919,16387.809365,16.025277129104378,16405.821526,27.799999237060547
uncore,7.011008895,0.7544479053978976,0.10755416945379712,0.11704688052460846,1513.448762,0.6372609053978395,1514.203215,27.799999237060547
package-0,8.011628424,31.262984715081686,2.5094125609015387,3.438772531370902,32234.818601,27.817681715081264,32267.679967,27.799999237060547
dram,8.012042312,3.76503974067826,0.08434624335459207,0.5156930017761998,4913.419184,3.248316740678531,4917.624862,27.799999237060547
core,8.012443574,19.75121912910168,2.39924202416827,1.8147227616294495,16387.809365,17.933231129102804,16407.639514,27.799999237060547
uncore,8.012851311,0.8600999053978613,0.10728320597394904,0.10545948010734164,1513.448762,0.7544479053978976,1514.308867,27.799999237060547
package-0,9.013479287,34.6189947150812,2.425813235342564,3.3491969688828904,32234.818601,31.262984715081686,32271.035977,27.799999237060547
dram,9.013723028,4.279808740678602,0.08310647144753003,0.5136577651571514,4913.419184,3.76503974067826,4918.139631,27.799999237060547
core,9.014413347,21.470026129102788,2.3148019394577655,1.7155562411394618,16387.809365,19.75121912910168,16409.358321,27.799999237060547
uncore,9.014776141,0.9781419053979208,0.10844609307509478,0.11781731058796495,1513.448762,0.8600999053978613,1514.426909,27.799999237060547
package-0,10.015280012,38.01992571508133,2.3633874887780255,3.3935606081743073,32234.818601,34.6189947150812,32274.436908,27.799999237060547
dram,10.015527587,4.798239740679021,0.08247541953806015,0.5172219631347204,4913.419184,4.279808740678602,4918.658062,27.799999237060547
core,10.015746577,23.235647129101434,2.25190815621203,1.7621089323045749,16387.809365,21.470026129102788,16411.123942,27.799999237060547
uncore,10.015961465,1.0963049053977885,0.10938736043837548,0.11792686810027,1513.448762,0.9781419053979208,1514.545072,27.799999237060547
package-0,11.016726388,41.58327071507999,2.327275187894762,3.558791276641424,32234.818601,38.01992571508133,32278.000253,27.799999237060547
dram,11.016981535,5.316975740679011,0.08201570593948593,0.5181083202153762,4913.419184,4.798239740679021,4919.176798,27.799999237060547
core,11.017211001,25.162521129102114,2.2152176077396564,1.9242664950499595,16387.809365,23.235647129101434,16413.050816,27.799999237060547
uncore,11.01741701,1.2107459053979583,0.10982564692862519,0.11428149474898791,1513.448762,1.0963049053977885,1514.659513,27.799999237060547
package-0,12.018217847,45.047251715080776,2.2888728952672457,3.4589389028728235,32234.818601,41.58327071507999,32281.464234,27.799999237060547
dram,12.018593836,5.83601774067891,0.08165272195687356,0.518296295596677,4913.419184,5.316975740679011,4919.69584,27.799999237060547
core,12.018983725,26.994914129102707,2.1767564029435413,1.8296768209191292,16387.809365,25.162521129102114,16414.883209,27.799999237060547
uncore,12.019378501,1.325430905397967,0.11021007141377251,0.11451111408584921,1513.448762,1.2107459053979583,1514.774198,27.799999237060547
package-0,13.019902251,48.605042715080046,2.2635016950430327,3.5511843638225944,32234.818601,45.047251715080776,32285.022025,27.799999237060547
dram,13.020295625,6.353655740678262,0.08122660044944252,0.5166288731534852,4913.419184,5.83601774067891,4920.213478,27.799999237060547
core,13.020677273,28.92221612910276,2.151454528626774,1.9238922793891815,16387.809365,26.994914129102707,16416.810511,27.799999237060547
uncore,13.02105875,1.4346219053979767,0.11011101153238438,0.10899484023528888,1513.448762,1.325430905397967,1514.883389,27.799999237060547
package-0,14.021467807,52.13445271508287,2.239739350503906,3.522997592112845,32234.818601,48.605042715080046,32288.551435,27.799999237060547
dram,14.021692756,6.872330740678519,0.08093638250467938,0.5176912383392016,4913.419184,6.353655740678262,4920.732153,27.799999237060547
core,14.02237608,30.81613212910366,2.1273913454808926,1.8906198443380176,16387.809365,28.92221612910276,16418.704427,27.799999237060547
uncore,14.022580625,1.550832905397998,0.1105269995817625,0.11600599481202883,1513.448762,1.4346219053979767,1514.9996,27.799999237060547
package-0,15.023036967,55.58775171507993,2.2141260025897314,3.4479392174653265,32234.818601,52.13445271508287,32292.004734,27.799999237060547
dram,15.023300967,7.389297740678996,0.08057753492020736,0.5161611473336505,4913.419184,6.872330740678519,4921.24912,27.799999237060547
core,15.02353638,32.635891129101815,2.101627465885896,1.816935930152539,16387.809365,30.81613212910366,16420.524186,27.799999237060547
uncore,15.023766097,1.6653959053978598,0.11077916656319146,0.1143817346552632,1513.448762,1.550832905397998,1515.114163,27.799999237060547
package-0,16.024342297,58.98074871508258,2.1880203040490604,3.389187462749777,32234.818601,55.58775171507993,32295.397731,27.799999237060547
dram,16.024631918,7.906141740678761,0.08026539380050435,0.5163181578994103,4913.419184,7.389297740678996,4921.765964,27.799999237060547
core,16.02498637,34.39699512910288,2.0754630424542206,1.758907696446966,16387.809365,32.635891129101815,16422.28529,27.799999237060547
uncore,16.025361871,1.7787379053979622,0.11092564553298838,0.11319571334310338,1513.448762,1.6653959053978598,1515.227505,27.799999237060547
package-0,17.025883884,62.58480471508271,2.177308351814829,3.598263139106839,32234.818601,58.98074871508258,32299.001787,27.799999237060547
dram,17.026236255,8.422741740678687,0.07996546878542388,0.5157571164374881,4913.419184,7.906141740678761,4922.282564,27.799999237060547
core,17.026582661,36.3734911291022,2.06498558208825,1.973354350002685,16387.809365,34.39699512910288,16424.261786,27.799999237060547
uncore,17.026930782,1.887928905397972,0.1108089153715073,0.10901359959521008,1513.448762,1.7787379053979622,1515.336696,27.799999237060547
package-0,18.027325551,66.21455571508311,2.1692107980280957,3.623887129273438,32234.818601,62.58480471508271,32302.631538,27.799999237060547
dram,18.027533694,8.938670740678829,0.07966147711789662,0.5150814882405612,4913.419184,8.422741740678687,4922.798493,27.799999237060547
core,18.027718118,38.36835912910379,2.056690779123361,1.99168544801275,16387.809365,36.3734911291022,16426.256654,27.799999237060547
uncore,18.027897996,2.005726905397965,0.11118256797953807,0.11760650070275742,1513.448762,1.887928905397972,1515.454494,27.799999237060547
package-0,19.028282873,69.85980971508222,2.162900614716901,3.6425522373845896,32234.818601,66.21455571508311,32306.276792,27.799999237060547
dram,19.028494913,9.457407740678248,0.0795537068323684,0.5184680718163248,4913.419184,8.938670740678829,4923.31723,27.799999237060547
core,19.029147735,40.38037812910175,2.0502385619633285,2.010080225574613,16387.809365,38.36835912910379,16428.268673,27.799999237060547
uncore,19.029328181,2.1218769053977993,0.11143385018708526,0.11603165882048856,1513.448762,2.005726905397965,1515.570644,27.799999237060547
package-0,20.029943198,73.4229117150823,2.1530214853045964,3.557780481204224,32234.818601,69.85980971508222,32309.839894,27.799999237060547
dram,20.030257503,9.974007740678173,0.07933640858418023,0.5158327055268845,4913.419184,9.457407740678248,4923.83383,27.799999237060547
core,20.030648981,42.30548312910383,2.040036472124332,1.9222016110476599,16387.809365,40.38037812910175,16430.193778,27.799999237060547
uncore,20.031045945,2.233753905397849,0.11144375783447552,0.11170425261268715,1513.448762,2.1218769053977993,1515.682521,27.799999237060547
package-0,21.031770894,76.65184571508114,2.128132091138151,3.222424995697227,32234.818601,73.4229117150823,32313.068828,27.799999237060547
dram,21.032147893,10.490180740678154,0.07911086600778716,0.5150730770643759,4913.419184,9.974007740678173,4924.350003,27.799999237060547
core,21.032554316,43.904539129102936,2.01526799834872,1.5960500447757573,16387.809365,42.30548312910383,16431.792834,27.799999237060547
uncore,21.032951804,2.3445929053977905,0.11140151375319648,0.110629179460946,1513.448762,2.233753905397849,1515.79336,27.799999237060547
package-0,22.033343122,80.17057471508058,2.118670167114983,3.5120358358954125,32234.818601,76.65184571508114,32316.587557,27.799999237060547
dram,22.033552588,11.006597740678883,0.07891850397068734,0.515381171047532,4913.419184,10.490180740678154,4924.86642,27.799999237060547
core,22.033726079,45.78612612910279,2.0055813082583307,1.8781972840441965,16387.809365,43.904539129102936,16433.674421,27.799999237060547
uncore,22.033895333,2.4615969053979696,0.11164325988907442,0.11679081127033314,1513.448762,2.3445929053977905,1515.910364,27.799999237060547
package-0,23.034285627,83.95016671508317,2.1214911177597253,3.776937273507377,32234.818601,80.17057471508058,32320.367149,27.799999237060547
dram,23.034483972,11.523686740678825,0.07879095350052012,0.5168528733031612,4913.419184,11.006597740678883,4925.383509,27.799999237060547
core,23.034657593,47.93657212910244,2.008484855307563,2.1484476937955166,16387.809365,45.78612612910279,16435.824867,27.799999237060547
uncore,23.034828055,2.5771369053979796,0.11180449625427012,0.11542600890524014,1513.448762,2.4615969053979696,1516.025904,27.799999237060547
package-0,24.035575743,87.67092171508163,2.1215961636530682,3.717021897493172,32234.818601,83.95016671508317,32324.087904,27.799999237060547
dram,24.035968124,12.040530740678589,0.07865922292369076,0.5164042129910014,4913.419184,11.523686740678825,4925.900353,27.799999237060547
core,24.036622668,50.01688912910236,2.0082102718363077,2.07792360252774,16387.809365,47.93657212910244,16437.905184,27.799999237060547
uncore,24.037057119,2.6941409053979313,0.11201221957330529,0.11686374233750726,1513.448762,2.5771369053979796,1516.142908,27.799999237060547
package-0,25.037832832,91.25153971508159,2.115929770833252,3.571270602226585,32234.818601,87.67092171508163,32327.668522,27.799999237060547
dram,25.038220292,12.555910740678412,0.07845636093297026,0.5138761295088754,4913.419184,12.040530740678589,4926.415733,27.799999237060547
core,25.038578805,51.96146412910371,2.0024429773562953,1.9400799850060055,16387.809365,50.01688912910236,16439.849759,27.799999237060547
uncore,25.038980062,2.8124269053978295,0.11224951732112042,0.11801241858248193,1513.448762,2.6941409053979313,1516.261194,27.799999237060547
package-0,26.039404329,94.56702171508338,2.1005952470193243,3.3094119131756443,32234.818601,91.25153971508159,32330.984004,27.799999237060547
dram,26.039636034,13.070679740678754,0.07825656470597375,0.5137877115155809,4913.419184,12.555910740678412,4926.930502,27.799999237060547
core,26.039841816,53.64902112910482,1.98729279526236,1.6846040274933063,16387.809365,51.96146412910371,16441.537316,27.799999237060547
uncore,26.040044655,2.9189939053978704,0.11202086183456517,0.10637792837594882,1513.448762,2.8124269053978295,1516.367761,27.799999237060547
package-0,27.040461112,97.86608571508229,2.0858784800554337,3.2962101162990027,32234.818601,94.56702171508338,32334.283068,27.799999237060547
dram,27.040694775,13.586669740678628,0.07812924840702973,0.5156293906402842,4913.419184,13.070679740678754,4927.446492,27.799999237060547
core,27.040900691,55.317718129102154,1.9726170614127287,1.6669138762198392,16387.809365,53.64902112910482,16443.206013,27.799999237060547
uncore,27.041101853,3.03087090539792,0.1120082227286712,0.11175171087612747,1513.448762,2.9189939053978704,1516.479638,27.799999237060547
package-0,28.041923583,101.11839671508248,2.0705180570881794,3.248501650300194,32234.818601,97.86608571508229,32337.535379,27.799999237060547
dram,28.042278494,14.101926740678648,0.07798104256935823,0.5146991668071761,4913.419184,13.586669740678628,4927.961749,27.799999237060547
core,28.04272858,56.93844112910215,1.957263264887112,1.6186383770973756,16387.809365,55.317718129102154,16444.826736,27.799999237060547
uncore,28.043191506,3.14378590539785,0.11203267289889132,0.11276522774253303,1513.448762,3.03087090539792,1516.592553,27.799999237060547
package-0,29.043813282,104.5214647150821,2.0613213048365084,3.395647955460861,32234.818601,101.11839671508248,32340.938447,27.799999237060547
dram,29.04418971,14.618221740679003,0.07786654693432526,0.5150813891632919,4913.419184,14.101926740678648,4928.478044,27.799999237060547
core,29.044841175,58.70436712910219,1.9479199511636618,1.7623965526521579,16387.809365,56.93844112910215,16446.592662,27.799999237060547
uncore,29.045269944,3.2608509053979886,0.11219567778717995,0.11682992810496261,1513.448762,3.14378590539785,1516.709618,27.799999237060547
package-0,30.045901278,108.01120171508198,2.0556083256274285,3.481554946299549,32234.818601,104.5214647150821,32344.428184,27.799999237060547
dram,30.046191264,15.135493740678141,0.07779018462234322,0.5159447629111527,4913.419184,14.618221740679003,4928.995316,27.799999237060547
core,30.046551609,60.55726712910387,1.942086689798332,1.8489760850360015,16387.809365,58.70436712910219,16448.445562,27.799999237060547
uncore,30.046917049,3.3766339053979535,0.11230470406033038,0.11553691637138415,1513.448762,3.2608509053979886,1516.825401,27.799999237060547
package-0,31.047329636,111.517173715081,2.0508408615646054,3.5000894533211344,32234.818601,108.01120171508198,32347.934156,27.799999237060547
dram,31.047548463,15.65191074067887,0.07769887153953392,0.5155289531696077,4913.419184,15.135493740678141,4929.511733,27.799999237060547
core,31.04774326,62.429577129102704,1.9372848865648602,1.869237897981682,16387.809365,60.55726712910387,16450.317872,27.799999237060547
uncore,31.047934474,3.4908919053977896,0.11235923570043384,0.1140672846950203,1513.448762,3.3766339053979535,1516.939659,27.799999237060547
package-0,32.048406045,114.69581571507995,2.036225102800362,3.176114155092411,32234.818601,111.517173715081,32351.112798,27.799999237060547
dram,32.048669436,16.168388740678424,0.07762477282069424,0.5161567764270769,4913.419184,15.65191074067887,4930.028211,27.799999237060547
core,32.04890528,63.9761431291036,1.92265621723717,1.5449793358097106,16387.809365,62.429577129102704,16451.864438,27.799999237060547
uncore,32.049137723,3.604965905397863,0.11240670197025582,0.113951151473691,1513.448762,3.4908919053977896,1517.053733,27.799999237060547
package-0,33.049950778,117.8944157150833,2.0230548456381756,3.1941372891374495,32234.818601,114.69581571507995,32354.311398,27.799999237060547
dram,33.050325445,16.68474474067851,0.07754519805117943,0.515652925214795,4913.419184,16.168388740678424,4930.544567,27.799999237060547
core,33.050825109,65.54401012910154,1.909534201431895,1.5656014752347391,16387.809365,63.9761431291036,16453.432305,27.799999237060547
uncore,33.051272201,3.7215429053978695,0.1125256654298897,0.11640508568890351,1513.448762,3.604965905397863,1517.17031,27.799999237060547
package-0,34.051972721,121.14916871508073,2.0122368487666638,3.2469453485425124,32234.818601,117.8944157150833,32357.566151,27.799999237060547
dram,34.052345408,17.202138740678933,0.07749051271693175,0.5160447959471395,4913.419184,16.68474474067851,4931.061961,27.799999237060547
core,34.053105901,67.16607612910144,1.8987365473717404,1.61857938098005,16387.809365,65.54401012910154,16455.054371,27.799999237060547
uncore,34.053507644,3.8347019053978655,0.11253501922911231,0.11291576054626092,1513.448762,3.7215429053978695,1517.283469,27.799999237060547
package-0,35.053946714,124.42735871508164,2.0027075726175383,3.270409422368017,32234.818601,121.14916871508073,32360.844341,27.799999237060547
dram,35.054223044,17.71788474067897,0.07739217138514931,0.5144151196981748,4913.419184,17.202138740678933,4931.577707,27.799999237060547
core,35.054452903,68.8066361291049,1.8890847116110687,1.6370616066646915,16387.809365,67.16607612910144,16456.694931,27.799999237060547
uncore,35.054670835,3.9526209053978945,0.11267968031092393,0.1176676760263713,1513.448762,3.8347019053978655,1517.401388,27.799999237060547
package-0,36.055106363,127.73246471508143,1.9945454543150916,3.3017387631060906,32234.818601,124.42735871508164,32364.149447,27.799999237060547
dram,36.055353902,18.237169740678368,0.07741058699995573,0.5188216691400875,4913.419184,17.71788474067897,4932.096992,27.799999237060547
core,36.055574333,70.48143612910195,1.8809686399240881,1.6728291217026712,16387.809365,68.8066361291049,16458.369731,27.799999237060547
uncore,36.055791238,4.064253905397878,0.11264481779055845,0.11149642539200369,1513.448762,3.9526209053978945,1517.513021,27.799999237060547
package-0,37.056600062,131.05435571508104,1.9872584497232848,3.3175446774225543,32234.818601,127.73246471508143,32367.471338,27.799999237060547
dram,37.057012458,18.755296740678645,0.07739402405167872,0.5174780090061302,4913.419184,18.237169740678368,4932.615119,27.799999237060547
core,37.057413209,72.16478212910357,1.8735114565317463,1.6810215137576359,16387.809365,70.48143612910195,16460.053077,27.799999237060547
uncore,37.057807729,4.181990905397912,0.11277596737287149,0.11757039742200794,1513.448762,4.064253905397878,1517.630758,27.799999237060547
package-0,38.058613092,134.29171271508284,1.9780754227207933,3.230131547831741,32234.818601,131.05435571508104,32370.708695,27.799999237060547
dram,38.059046047,19.272079740678677,0.07733456474024836,0.51554316006111,4913.419184,18.755296740678645,4933.131902,27.799999237060547
core,38.059459512,73.77036812910143,1.8643718034787429,1.602323905245057,16387.809365,72.16478212910357,16461.658663,27.799999237060547
uncore,38.059874418,4.296064905397985,0.11280212419452239,0.11384173285747755,1513.448762,4.181990905397912,1517.744832,27.799999237060547
package-0,39.060539819,137.5637997150804,1.9702571572692282,3.2650319474466967,32234.818601,134.29171271508284,32373.980782,27.799999237060547
dram,39.060953157,19.78770374067834,0.07724913649893617,0.514433342190983,4913.419184,19.272079740678677,4933.647526,27.799999237060547
core,39.061605227,75.40268812910205,1.8563879216215797,1.629089130739892,16387.809365,73.77036812910143,16463.290983,27.799999237060547
uncore,39.062057319,4.416853905397817,0.11299899610274895,0.12054942018856976,1513.448762,4.296064905397985,1517.865621,27.799999237060547
package-0,40.062506215,140.75110771508088,1.9606941449922506,3.179362011627698,32234.818601,137.5637997150804,32377.16809,27.799999237060547
dram,40.062753338,20.301922740678933,0.07713005293303232,0.5128207659265889,4913.419184,19.78770374067834,4934.161745,27.799999237060547
core,40.06297226,76.95645612910363,1.8468320092768162,1.550328571547101,16387.809365,75.40268812910205,16464.844751,27.799999237060547
uncore,40.063186697,4.531171905397956,0.11302387177697741,0.11406568254851202,1513.448762,4.416853905397817,1517.979939,27.799999237060547
package-0,41.063623756,144.01562571508083,1.9535670744787657,3.2614002070525974,32234.818601,140.75110771508088,32380.432608,27.799999237060547
dram,41.063871204,20.81803474067827,0.07707586834698488,0.5156921771878096,4913.419184,20.301922740678933,4934.677857,27.799999237060547
core,41.0640904,78.58841012910403,1.8396945576600996,1.6301039373645128,16387.809365,76.95645612910363,16466.476705,27.799999237060547
uncore,41.064305726,4.645429905397792,0.11304891038112565,0.11412314547113613,1513.448762,4.531171905397956,1518.094197,27.799999237060547
package-0,42.064901037,147.6119917150824,1.954664629021268,3.5926533201974378,32234.818601,144.01562571508083,32384.028974,27.799999237060547
dram,42.065302323,21.333475740678736,0.07700777767078815,0.5149805690985823,4913.419184,20.81803474067827,4935.193298,27.799999237060547
core,42.065686564,80.54915912910207,1.8407113265473107,1.9584439332378172,16387.809365,78.58841012910403,16468.437454,27.799999237060547
uncore,42.066025537,4.760907905397959,0.11310164363213937,0.11533678915729223,1513.448762,4.645429905397792,1518.209675,27.799999237060547
package-0,43.066607966,151.03471171508107,1.95163314978494,3.416417324734655,32234.818601,147.6119917150824,32387.451694,27.799999237060547
dram,43.067001075,21.850502740678607,0.07697297984060092,0.5160323688342423,4913.419184,21.333475740678736,4935.710325,27.799999237060547
core,43.067380099,82.34273412910176,1.837774204825923,1.7904227309383671,16387.809365,80.54915912910207,16470.231029,27.799999237060547
uncore,43.067757698,4.870404905397878,0.11301158007433554,0.1093018479568512,1513.448762,4.760907905397959,1518.319172,27.799999237060547
package-0,44.068185766,154.4534047150807,1.9486494491275994,3.412480719143028,32234.818601,151.03471171508107,32390.870387,27.799999237060547
dram,44.068422752,22.36759174067855,0.07694136703887389,0.5161102001252682,4913.419184,21.850502740678607,4936.227414,27.799999237060547
core,44.069094883,84.13850612910306,1.8350211908203695,1.7926471608542052,16387.809365,82.34273412910176,16472.026801,27.799999237060547
uncore,44.069299053,4.979351905397822,0.11291317310641845,0.10875460410128572,1513.448762,4.870404905397878,1518.428119,27.799999237060547
package-0,45.069780327,157.7403227150823,1.9428873953607393,3.2817258225415546,32234.818601,154.4534047150807,32394.157305,27.799999237060547
dram,45.070064412,22.881872740678304,0.07685073353411487,0.5134626283275674,4913.419184,22.36759174067855,4936.741695,27.799999237060547
core,45.070349799,85.78663412910379,1.8291215542429113,1.6455353893477658,16387.809365,84.13850612910306,16473.674929,27.799999237060547
uncore,45.070606446,5.094890905397948,0.1129658132955524,0.11535424542171147,1513.448762,4.979351905397822,1518.543658,27.799999237060547
package-0,46.071440446,160.7935977150807,1.9323067805879377,3.0485800744174156,32234.818601,157.7403227150823,32397.21058,27.799999237060547
dram,46.071918223,23.397129740678324,0.07678556096321443,0.5144656131577683,4913.419184,22.881872740678304,4937.256952,27.799999237060547
core,46.072381931,87.20044912910367,1.8183937380278854,1.411626542962804,16387.809365,85.78663412910379,16475.088744,27.799999237060547
uncore,46.072850966,5.217693905397924,0.1131739080193059,0.12261075440950314,1513.448762,5.094890905397948,1518.666461,27.799999237060547
package-0,47.073707166,163.79279671508237,1.920970967766168,2.991109794161985,32234.818601,160.7935977150807,32400.209779,27.799999237060547
dram,47.074129778,23.91202174067847,0.07670706784530557,0.5133788012795191,4913.419184,23.397129740678324,4937.771844,27.799999237060547
core,47.074586778,88.56708312910183,1.8070897457082538,1.363423744001862,16387.809365,87.20044912910367,16476.455378,27.799999237060547
uncore,47.075059082,5.327983905398002,0.11310549910412829,0.11003320837131192,1513.448762,5.217693905397924,1518.776751,27.799999237060547
package-0,48.075588071,167.07690771508322,1.9160535257595777,3.2766679798958505,32234.818601,163.79279671508237,32403.49389,27.799999237060547
dram,48.075979705,24.42703474067865,0.07663722025377695,0.5137521034246904,4913.419184,23.91202174067847,4938.286857,27.799999237060547
core,48.076355051,90.21441812910331,1.8021062045127958,1.6439462702411514,16387.809365,88.56708312910183,16478.102713,27.799999237060547
uncore,48.076731694,5.4444389053978615,0.11316880362543098,0.11621504814143181,1513.448762,5.327983905398002,1518.893206,27.799999237060547
package-0,49.077167121,170.41448471508164,1.9124500509025537,3.3316622568335097,32234.818601,167.07690771508322,32406.831467,27.799999237060547
dram,49.077403191,24.940827740678728,0.07654886956980711,0.5128506963581472,4913.419184,24.42703474067865,4938.80065,27.799999237060547
core,49.078064148,91.92596112910456,1.7986471651061855,1.708619149949965,16387.809365,90.21441812910331,16479.814256,27.799999237060547
uncore,49.078289979,5.555888905397966,0.1131283079604334,0.11125696228717846,1513.448762,5.4444389053978615,1519.004656,27.799999237060547
package-0,50.078719589,173.77995371508194,1.9095567142145737,3.3601460167864117,32234.818601,170.41448471508164,32410.196936,27.799999237060547
dram,50.078957293,25.45706174067844,0.07651412866825236,0.5154106586595466,4913.419184,24.940827740678728,4939.316884,27.799999237060547
core,50.079163147,93.65734112910201,1.7957274395124565,1.72865586584303,16387.809365,91.92596112910456,16481.545636,27.799999237060547
uncore,50.07936632,5.666788905397867,0.11307874099325882,0.11072213781944173,1513.448762,5.555888905397966,1519.115556,27.799999237060547
package-0,51.079948408,177.32096071508175,1.9102422741333396,3.537574585657711,32234.818601,173.77995371508194,32413.737943,27.799999237060547
dram,51.080347896,25.97286774067878,0.07647663788754178,0.5153853657285341,4913.419184,25.45706174067844,4939.83269,27.799999237060547
core,51.080643451,95.56566212910462,1.796401660039313,1.9061602513513667,16387.809365,93.65734112910201,16483.453957,27.799999237060547
uncore,51.081032968,5.780191905397929,0.11308105309661765,0.11326896254298924,1513.448762,5.666788905397867,1519.228959,27.799999237060547
package-0,52.081589681,180.4999687150809,1.9039134461803655,3.173333341259651,32234.818601,177.32096071508175,32416.916951,27.799999237060547
dram,52.081995288,26.487759740678925,0.07641752374483801,0.5139430583726485,4913.419184,25.97286774067878,4940.347582,27.799999237060547
core,52.082298049,97.11100712910326,1.7900605586897722,1.5426898054706186,16387.809365,95.56566212910462,16484.999302,27.799999237060547
uncore,52.082713199,5.895242905397923,0.11311371217632536,0.11485138541804349,1513.448762,5.780191905397929,1519.34401,27.799999237060547
package-0,53.083118555,183.9846397150829,1.903583442927909,3.4786206047074915,32234.818601,180.4999687150809,32420.401622,27.799999237060547
dram,53.083326158,27.00435974067885,0.07639307606415435,0.5156736145389831,4913.419184,26.487759740678925,4940.864182,27.799999237060547
core,53.083509036,98.97873912910205,1.790032981862745,1.8645898736369828,16387.809365,97.11100712910326,16486.867034,27.799999237060547
uncore,53.083689647,5.997171905397851,0.11289799708854416,0.10175401390209698,1513.448762,5.895242905397923,1519.445939,27.799999237060547
package-0,54.084118869,187.44575171508012,1.9028746607536429,3.4585823379872416,32234.818601,183.9846397150829,32423.862734,27.799999237060547
dram,54.084371477,27.519128740678283,0.07634227495891366,0.5145031467670904,4913.419184,27.00435974067885,4941.378951,27.799999237060547
core,54.085029774,100.8061881291024,1.789285408527383,1.825685095315292,16387.809365,98.97873912910205,16488.694483,27.799999237060547
uncore,54.085247286,6.112100905397925,0.11293207846270828,0.11481173905442815,1513.448762,5.997171905397851,1519.560868,27.799999237060547
package-0,55.085950865,190.64471771508005,1.8973858920417876,3.193153303309404,32234.818601,187.44575171508012,32427.0617,27.799999237060547
dram,55.08627307,28.03493574067896,0.07630523312006798,0.5148356567958774,4913.419184,27.519128740678283,4941.894758,27.799999237060547
core,55.086672564,102.36514412910316,1.7836658921439712,1.5562423215766694,16387.809365,100.8061881291024,16490.253439,27.799999237060547
uncore,55.087069306,6.2311189053977944,0.11303763568378149,0.1188091603389577,1513.448762,6.112100905397925,1519.679886,27.799999237060547
package-0,56.08782437,194.03368671508332,1.895471722350288,3.382108263338382,32234.818601,190.64471771508005,32430.450669,27.799999237060547
dram,56.088258879,28.552390740678206,0.0762975499717381,0.5163413113434037,4913.419184,28.03493574067896,4942.412213,27.799999237060547
core,56.088678021,104.11660412910265,1.7816744850620396,1.748153892627121,16387.809365,102.36514412910316,16492.004899,27.799999237060547
uncore,56.089094853,6.348549905397919,0.11311083226379362,0.11720774055904915,1513.448762,6.2311189053977944,1519.797317,27.799999237060547
package-0,57.089573912,197.10014571508117,1.887971874758365,3.0599143351068996,32234.818601,194.03368671508332,32433.517128,27.799999237060547
dram,57.089835957,29.066854740678977,0.07623720563956093,0.5132991452257403,4913.419184,28.552390740678206,4942.926677,27.799999237060547
core,57.090070123,105.55269712910291,1.7742269313723473,1.4332767059750828,16387.809365,104.11660412910265,16493.440992,27.799999237060547
uncore,57.090327243,6.459938905397836,0.11307550741913173,0.11117023798438351,1513.448762,6.348549905397919,1519.908706,27.799999237060547
package-0,58.090788833,200.15763271508303,1.8806173585709927,3.0541482882746482,32234.818601,197.10014571508117,32436.574615,27.799999237060547
dram,58.091052163,29.58369874067874,0.07622602592070449,0.5163304344344761,4913.419184,29.066854740678977,4943.443521,27.799999237060547
core,58.091285993,106.9742631291038,1.7668079980525788,1.4198050006412966,16387.809365,105.55269712910291,16494.862558,27.799999237060547
uncore,58.091515903,6.578590905397947,0.11316776811632098,0.11850072792412708,1513.448762,6.459938905397836,1520.027358,27.799999237060547
package-0,59.092167361,203.55349871508196,1.8792325035548336,3.391616849683386,32234.818601,200.15763271508303,32439.970481,27.799999237060547
dram,59.092514354,30.1015197406782,0.07623088054653837,0.5172102680807822,4913.419184,29.58369874067874,4943.961342,27.799999237060547
core,59.093207907,108.74610912910344,1.7655650772139255,1.7694749236843448,16387.809365,106.9742631291038,16496.634404,27.799999237060547
uncore,59.093583436,6.685524905397857,0.11305840816745173,0.10678622770364266,1513.448762,6.578590905397947,1520.134292,27.799999237060547
package-0,60.094241399,207.44838571508052,1.8861549444770003,3.88591732978339,32234.818601,203.55349871508196,32443.865368,27.799999237060547
dram,60.094564267,30.618730740678515,0.07621903573849986,0.5158921848375715,4913.419184,30.1015197406782,4944.478553,27.799999237060547
core,60.094903297,110.99897212910133,1.7723452658447445,2.2481347788954267,16387.809365,108.74610912910344,16498.887267,27.799999237060547
uncore,60.09524735,6.806617905397831,0.11318691077128935,0.12083701895114819,1513.448762,6.685524905397857,1520.255385,27.799999237060547
package-0,61.095623379,211.31739471508234,1.8924563604619589,3.862920764076759,32234.818601,207.44838571508052,32447.734377,27.799999237060547
dram,61.09581297,31.13264474067863,0.07615800656600491,0.5130957482218894,4913.419184,30.618730740678515,4944.992467,27.799999237060547
core,61.095986989,113.24182512910471,1.778754966257741,2.239346398860167,16387.809365,110.99897212910133,16501.13012,27.799999237060547
uncore,61.096152529,6.912391905397941,0.1130614226055964,0.10560418570238708,1513.448762,6.806617905397831,1520.361159,27.799999237060547
package-0,62.096517157,215.19415471508154,1.8987156807032812,3.874191139254016,32234.818601,211.31739471508234,32451.611137,27.799999237060547
dram,62.096707519,31.648390740678664,0.07613382865982099,0.515541769978358,4913.419184,31.13264474067863,4945.508213,27.799999237060547
core,62.096875571,115.49157512910375,1.7850883533862238,2.247734726594345,16387.809365,113.24182512910471,16503.37987,27.799999237060547
uncore,62.097046657,7.019812905397872,0.11296768240990977,0.10731794288113823,1513.448762,6.912391905397941,1520.46858,27.799999237060547
package-0,62.667455661,218.77971671508175,1.924123494876515,7.483405253924356,32234.818601,215.19415471508154,32455.196699,27.799999237060547
dram,62.66766993,32.005994740678474,0.07713207931791777,0.9581001737884582,4913.419184,31.648390740678664,4945.865817,27.799999237060547
core,62.667874568,118.13780812910323,1.8103584405414663,4.694147808646295,16387.809365,115.49157512910375,16506.026103,27.799999237060547
uncore,62.668079273000004,7.075720905397917,0.1128298662945126,0.0979171736193564,1513.448762,7.019812905397872,1520.524488,27.799999237060547
